{
  "buildDate": "2025-08-29T18:49:11.684Z",
  "version": "1.0.0",
  "environment": "production",
  "directories": 57,
  "files": [
    "background-batch.js",
    "content.js",
    "directories\\directory-list.json",
    "directories\\directorybolt-complete.json",
    "directories\\master-directory-list.json",
    "directory-form-filler.js",
    "directory-registry.js",
    "icons\\icon128.png",
    "icons\\icon16.png",
    "icons\\icon48.png",
    "manifest.json",
    "onboarding.html",
    "popup.css",
    "popup.html",
    "popup.js",
    "queue-processor.js"
  ]
}